{
  "frames": {
    "Recurso 200.png": {
      "frame": {
        "x": 0,
        "y": 0,
        "w": 710,
        "h": 907
      },
      "rotated": false,
      "trimmed": false,
      "spriteSourceSize": {
        "x": 0,
        "y": 0,
        "w": 710,
        "h": 907
      },
      "sourceSize": {
        "w": 710,
        "h": 907
      },
      "pivot": {
        "x": 0.5,
        "y": 0.5
      }
    },
    "Recurso 207.png": {
      "frame": {
        "x": 0,
        "y": 907,
        "w": 416,
        "h": 839
      },
      "rotated": false,
      "trimmed": false,
      "spriteSourceSize": {
        "x": 0,
        "y": 0,
        "w": 416,
        "h": 839
      },
      "sourceSize": {
        "w": 416,
        "h": 839
      },
      "pivot": {
        "x": 0.5,
        "y": 0.5
      }
    },
    "Secuencia efecto rojo OK_00002.png": {
      "frame": {
        "x": 0,
        "y": 1746,
        "w": 294,
        "h": 203
      },
      "rotated": true,
      "trimmed": true,
      "spriteSourceSize": {
        "x": 16,
        "y": 30,
        "w": 294,
        "h": 203
      },
      "sourceSize": {
        "w": 332,
        "h": 365
      },
      "pivot": {
        "x": 0.5,
        "y": 0.5
      }
    },
    "Secuencia efecto OK_00001.png": {
      "frame": {
        "x": 203,
        "y": 1746,
        "w": 279,
        "h": 223
      },
      "rotated": true,
      "trimmed": true,
      "spriteSourceSize": {
        "x": 33,
        "y": 6,
        "w": 279,
        "h": 223
      },
      "sourceSize": {
        "w": 332,
        "h": 365
      },
      "pivot": {
        "x": 0.5,
        "y": 0.5
      }
    },
    "Secuencia efecto OK_00003.png": {
      "frame": {
        "x": 426,
        "y": 1746,
        "w": 310,
        "h": 275
      },
      "rotated": false,
      "trimmed": true,
      "spriteSourceSize": {
        "x": 7,
        "y": 26,
        "w": 310,
        "h": 275
      },
      "sourceSize": {
        "w": 332,
        "h": 365
      },
      "pivot": {
        "x": 0.5,
        "y": 0.5
      }
    },
    "Secuencia efecto rojo OK_00003.png": {
      "frame": {
        "x": 736,
        "y": 1746,
        "w": 304,
        "h": 264
      },
      "rotated": false,
      "trimmed": true,
      "spriteSourceSize": {
        "x": 7,
        "y": 36,
        "w": 304,
        "h": 264
      },
      "sourceSize": {
        "w": 332,
        "h": 365
      },
      "pivot": {
        "x": 0.5,
        "y": 0.5
      }
    },
    "Secuencia efecto rojo OK_00001.png": {
      "frame": {
        "x": 1040,
        "y": 1746,
        "w": 260,
        "h": 215
      },
      "rotated": true,
      "trimmed": true,
      "spriteSourceSize": {
        "x": 43,
        "y": 14,
        "w": 260,
        "h": 215
      },
      "sourceSize": {
        "w": 332,
        "h": 365
      },
      "pivot": {
        "x": 0.5,
        "y": 0.5
      }
    },
    "Recurso 201.png": {
      "frame": {
        "x": 1255,
        "y": 907,
        "w": 629,
        "h": 785
      },
      "rotated": true,
      "trimmed": false,
      "spriteSourceSize": {
        "x": 0,
        "y": 0,
        "w": 629,
        "h": 785
      },
      "sourceSize": {
        "w": 629,
        "h": 785
      },
      "pivot": {
        "x": 0.5,
        "y": 0.5
      }
    },
    "Carro 1.png": {
      "frame": {
        "x": 710,
        "y": 1536,
        "w": 184,
        "h": 126
      },
      "rotated": true,
      "trimmed": true,
      "spriteSourceSize": {
        "x": 3,
        "y": 5,
        "w": 184,
        "h": 126
      },
      "sourceSize": {
        "w": 192,
        "h": 134
      },
      "pivot": {
        "x": 0.5,
        "y": 0.5
      }
    },
    "Carro 2.png": {
      "frame": {
        "x": 836,
        "y": 1536,
        "w": 184,
        "h": 126
      },
      "rotated": true,
      "trimmed": true,
      "spriteSourceSize": {
        "x": 3,
        "y": 5,
        "w": 184,
        "h": 126
      },
      "sourceSize": {
        "w": 192,
        "h": 134
      },
      "pivot": {
        "x": 0.5,
        "y": 0.5
      }
    },
    "Carro 3.png": {
      "frame": {
        "x": 962,
        "y": 1536,
        "w": 184,
        "h": 126
      },
      "rotated": true,
      "trimmed": true,
      "spriteSourceSize": {
        "x": 3,
        "y": 5,
        "w": 184,
        "h": 126
      },
      "sourceSize": {
        "w": 192,
        "h": 134
      },
      "pivot": {
        "x": 0.5,
        "y": 0.5
      }
    },
    "Secuencia efecto OK_00007.png": {
      "frame": {
        "x": 1088,
        "y": 0,
        "w": 166,
        "h": 322
      },
      "rotated": false,
      "trimmed": true,
      "spriteSourceSize": {
        "x": 98,
        "y": 33,
        "w": 166,
        "h": 322
      },
      "sourceSize": {
        "w": 332,
        "h": 365
      },
      "pivot": {
        "x": 0.5,
        "y": 0.5
      }
    },
    "Secuencia efecto rojo OK_00007.png": {
      "frame": {
        "x": 1088,
        "y": 322,
        "w": 145,
        "h": 322
      },
      "rotated": false,
      "trimmed": true,
      "spriteSourceSize": {
        "x": 107,
        "y": 33,
        "w": 145,
        "h": 322
      },
      "sourceSize": {
        "w": 332,
        "h": 365
      },
      "pivot": {
        "x": 0.5,
        "y": 0.5
      }
    },
    "Camion.png": {
      "frame": {
        "x": 710,
        "y": 644,
        "w": 252,
        "h": 309
      },
      "rotated": true,
      "trimmed": true,
      "spriteSourceSize": {
        "x": 6,
        "y": 3,
        "w": 252,
        "h": 309
      },
      "sourceSize": {
        "w": 265,
        "h": 313
      },
      "pivot": {
        "x": 0.5,
        "y": 0.5
      }
    },
    "Secuencia efecto rojo OK_00004.png": {
      "frame": {
        "x": 1019,
        "y": 644,
        "w": 319,
        "h": 222
      },
      "rotated": true,
      "trimmed": true,
      "spriteSourceSize": {
        "x": 12,
        "y": 94,
        "w": 319,
        "h": 222
      },
      "sourceSize": {
        "w": 332,
        "h": 365
      },
      "pivot": {
        "x": 0.5,
        "y": 0.5
      }
    },
    "Secuencia efecto OK_00006.png": {
      "frame": {
        "x": 1233,
        "y": 322,
        "w": 245,
        "h": 322
      },
      "rotated": false,
      "trimmed": true,
      "spriteSourceSize": {
        "x": 64,
        "y": 33,
        "w": 245,
        "h": 322
      },
      "sourceSize": {
        "w": 332,
        "h": 365
      },
      "pivot": {
        "x": 0.5,
        "y": 0.5
      }
    },
    "Secuencia efecto rojo OK_00005.png": {
      "frame": {
        "x": 710,
        "y": 896,
        "w": 331,
        "h": 308
      },
      "rotated": true,
      "trimmed": true,
      "spriteSourceSize": {
        "x": 0,
        "y": 49,
        "w": 331,
        "h": 308
      },
      "sourceSize": {
        "w": 332,
        "h": 365
      },
      "pivot": {
        "x": 0.5,
        "y": 0.5
      }
    },
    "Secuencia efecto rojo OK_00006.png": {
      "frame": {
        "x": 1254,
        "y": 0,
        "w": 242,
        "h": 321
      },
      "rotated": false,
      "trimmed": true,
      "spriteSourceSize": {
        "x": 63,
        "y": 33,
        "w": 242,
        "h": 321
      },
      "sourceSize": {
        "w": 332,
        "h": 365
      },
      "pivot": {
        "x": 0.5,
        "y": 0.5
      }
    },
    "Secuencia efecto OK_00002.png": {
      "frame": {
        "x": 416,
        "y": 1227,
        "w": 304,
        "h": 212
      },
      "rotated": true,
      "trimmed": true,
      "spriteSourceSize": {
        "x": 16,
        "y": 21,
        "w": 304,
        "h": 212
      },
      "sourceSize": {
        "w": 332,
        "h": 365
      },
      "pivot": {
        "x": 0.5,
        "y": 0.5
      }
    },
    "Secuencia efecto OK_00004.png": {
      "frame": {
        "x": 1241,
        "y": 644,
        "w": 326,
        "h": 241
      },
      "rotated": false,
      "trimmed": true,
      "spriteSourceSize": {
        "x": 5,
        "y": 86,
        "w": 326,
        "h": 241
      },
      "sourceSize": {
        "w": 332,
        "h": 365
      },
      "pivot": {
        "x": 0.5,
        "y": 0.5
      }
    },
    "Secuencia efecto OK_00005.png": {
      "frame": {
        "x": 1478,
        "y": 321,
        "w": 332,
        "h": 315
      },
      "rotated": false,
      "trimmed": true,
      "spriteSourceSize": {
        "x": 0,
        "y": 49,
        "w": 332,
        "h": 315
      },
      "sourceSize": {
        "w": 332,
        "h": 365
      },
      "pivot": {
        "x": 0.5,
        "y": 0.5
      }
    },
    "Secuencia efecto OK_00000.png": {
      "frame": {
        "x": 1088,
        "y": 963,
        "w": 122,
        "h": 115
      },
      "rotated": false,
      "trimmed": true,
      "spriteSourceSize": {
        "x": 113,
        "y": 17,
        "w": 122,
        "h": 115
      },
      "sourceSize": {
        "w": 332,
        "h": 365
      },
      "pivot": {
        "x": 0.5,
        "y": 0.5
      }
    },
    "Secuencia efecto rojo OK_00000.png": {
      "frame": {
        "x": 1088,
        "y": 1078,
        "w": 115,
        "h": 101
      },
      "rotated": false,
      "trimmed": true,
      "spriteSourceSize": {
        "x": 117,
        "y": 25,
        "w": 115,
        "h": 101
      },
      "sourceSize": {
        "w": 332,
        "h": 365
      },
      "pivot": {
        "x": 0.5,
        "y": 0.5
      }
    }
  },
  "meta": {
    "app": "http://free-tex-packer.com",
    "version": "0.5.8",
    "image": "sprites2.png",
    "format": "RGBA8888",
    "size": {
      "w": 2040,
      "h": 2040
    },
    "scale": 1
  }
}