﻿{"frames": {

"carro0000":
{
	"frame": {"x":550,"y":160,"w":172,"h":151},
	"rotated": false,
	"trimmed": false,
	"spriteSourceSize": {"x":0,"y":0,"w":172,"h":151},
	"sourceSize": {"w":172,"h":151}
},
"carro0001":
{
	"frame": {"x":722,"y":162,"w":172,"h":151},
	"rotated": false,
	"trimmed": true,
	"spriteSourceSize": {"x":0,"y":0,"w":172,"h":151},
	"sourceSize": {"w":172,"h":151}
},
"carro0002":
{
	"frame": {"x":372,"y":180,"w":172,"h":151},
	"rotated": false,
	"trimmed": true,
	"spriteSourceSize": {"x":0,"y":0,"w":172,"h":151},
	"sourceSize": {"w":172,"h":151}
},
"carro0003":
{
	"frame": {"x":0,"y":192,"w":172,"h":151},
	"rotated": false,
	"trimmed": true,
	"spriteSourceSize": {"x":0,"y":0,"w":172,"h":151},
	"sourceSize": {"w":172,"h":151}
},
"carro0004":
{
	"frame": {"x":544,"y":311,"w":171,"h":151},
	"rotated": false,
	"trimmed": true,
	"spriteSourceSize": {"x":0,"y":0,"w":172,"h":151},
	"sourceSize": {"w":172,"h":151}
},
"carro0005":
{
	"frame": {"x":172,"y":192,"w":172,"h":151},
	"rotated": false,
	"trimmed": true,
	"spriteSourceSize": {"x":0,"y":0,"w":172,"h":151},
	"sourceSize": {"w":172,"h":151}
},
"carro0006":
{
	"frame": {"x":715,"y":313,"w":171,"h":151},
	"rotated": false,
	"trimmed": true,
	"spriteSourceSize": {"x":0,"y":0,"w":172,"h":151},
	"sourceSize": {"w":172,"h":151}
},
"efecto0000":
{
	"frame": {"x":775,"y":590,"w":104,"h":103},
	"rotated": false,
	"trimmed": true,
	"spriteSourceSize": {"x":41,"y":45,"w":186,"h":192},
	"sourceSize": {"w":186,"h":192}
},
"efecto0001":
{
	"frame": {"x":886,"y":313,"w":133,"h":131},
	"rotated": false,
	"trimmed": true,
	"spriteSourceSize": {"x":27,"y":31,"w":186,"h":192},
	"sourceSize": {"w":186,"h":192}
},
"efecto0002":
{
	"frame": {"x":727,"y":0,"w":163,"h":162},
	"rotated": false,
	"trimmed": true,
	"spriteSourceSize": {"x":12,"y":15,"w":186,"h":192},
	"sourceSize": {"w":186,"h":192}
},
"efecto0003":
{
	"frame": {"x":372,"y":0,"w":178,"h":180},
	"rotated": false,
	"trimmed": true,
	"spriteSourceSize": {"x":4,"y":6,"w":186,"h":192},
	"sourceSize": {"w":186,"h":192}
},
"efecto0004":
{
	"frame": {"x":0,"y":0,"w":186,"h":192},
	"rotated": false,
	"trimmed": false,
	"spriteSourceSize": {"x":0,"y":0,"w":186,"h":192},
	"sourceSize": {"w":186,"h":192}
},
"efecto0005":
{
	"frame": {"x":186,"y":0,"w":186,"h":192},
	"rotated": false,
	"trimmed": true,
	"spriteSourceSize": {"x":0,"y":0,"w":186,"h":192},
	"sourceSize": {"w":186,"h":192}
},
"mosnter0000":
{
	"frame": {"x":890,"y":0,"w":133,"h":160},
	"rotated": false,
	"trimmed": true,
	"spriteSourceSize": {"x":22,"y":0,"w":177,"h":160},
	"sourceSize": {"w":177,"h":160}
},
"mosnter0001":
{
	"frame": {"x":0,"y":343,"w":145,"h":160},
	"rotated": false,
	"trimmed": true,
	"spriteSourceSize": {"x":16,"y":0,"w":177,"h":160},
	"sourceSize": {"w":177,"h":160}
},
"mosnter0002":
{
	"frame": {"x":344,"y":331,"w":160,"h":160},
	"rotated": false,
	"trimmed": true,
	"spriteSourceSize": {"x":8,"y":0,"w":177,"h":160},
	"sourceSize": {"w":177,"h":160}
},
"mosnter0003":
{
	"frame": {"x":550,"y":0,"w":177,"h":160},
	"rotated": false,
	"trimmed": false,
	"spriteSourceSize": {"x":0,"y":0,"w":177,"h":160},
	"sourceSize": {"w":177,"h":160}
},
"mosnter0004":
{
	"frame": {"x":344,"y":331,"w":160,"h":160},
	"rotated": false,
	"trimmed": true,
	"spriteSourceSize": {"x":8,"y":0,"w":177,"h":160},
	"sourceSize": {"w":177,"h":160}
},
"mosnter0005":
{
	"frame": {"x":0,"y":343,"w":145,"h":160},
	"rotated": false,
	"trimmed": true,
	"spriteSourceSize": {"x":16,"y":0,"w":177,"h":160},
	"sourceSize": {"w":177,"h":160}
},
"p10000":
{
	"frame": {"x":287,"y":343,"w":51,"h":71},
	"rotated": false,
	"trimmed": true,
	"spriteSourceSize": {"x":7,"y":0,"w":66,"h":71},
	"sourceSize": {"w":66,"h":71}
},
"p10001":
{
	"frame": {"x":287,"y":414,"w":51,"h":71},
	"rotated": false,
	"trimmed": true,
	"spriteSourceSize": {"x":7,"y":0,"w":66,"h":71},
	"sourceSize": {"w":66,"h":71}
},
"p10002":
{
	"frame": {"x":967,"y":696,"w":51,"h":71},
	"rotated": false,
	"trimmed": true,
	"spriteSourceSize": {"x":7,"y":0,"w":66,"h":71},
	"sourceSize": {"w":66,"h":71}
},
"p10003":
{
	"frame": {"x":901,"y":767,"w":63,"h":71},
	"rotated": false,
	"trimmed": true,
	"spriteSourceSize": {"x":2,"y":0,"w":66,"h":71},
	"sourceSize": {"w":66,"h":71}
},
"p10004":
{
	"frame": {"x":901,"y":767,"w":63,"h":71},
	"rotated": false,
	"trimmed": true,
	"spriteSourceSize": {"x":2,"y":0,"w":66,"h":71},
	"sourceSize": {"w":66,"h":71}
},
"p10005":
{
	"frame": {"x":756,"y":822,"w":63,"h":71},
	"rotated": false,
	"trimmed": true,
	"spriteSourceSize": {"x":2,"y":0,"w":66,"h":71},
	"sourceSize": {"w":66,"h":71}
},
"p10006":
{
	"frame": {"x":819,"y":822,"w":63,"h":71},
	"rotated": false,
	"trimmed": true,
	"spriteSourceSize": {"x":2,"y":0,"w":66,"h":71},
	"sourceSize": {"w":66,"h":71}
},
"p10007":
{
	"frame": {"x":66,"y":755,"w":49,"h":71},
	"rotated": false,
	"trimmed": true,
	"spriteSourceSize": {"x":9,"y":0,"w":66,"h":71},
	"sourceSize": {"w":66,"h":71}
},
"p10008":
{
	"frame": {"x":964,"y":767,"w":49,"h":71},
	"rotated": false,
	"trimmed": true,
	"spriteSourceSize": {"x":9,"y":0,"w":66,"h":71},
	"sourceSize": {"w":66,"h":71}
},
"p10009":
{
	"frame": {"x":0,"y":826,"w":49,"h":71},
	"rotated": false,
	"trimmed": true,
	"spriteSourceSize": {"x":9,"y":0,"w":66,"h":71},
	"sourceSize": {"w":66,"h":71}
},
"p10010":
{
	"frame": {"x":397,"y":491,"w":66,"h":71},
	"rotated": false,
	"trimmed": false,
	"spriteSourceSize": {"x":0,"y":0,"w":66,"h":71},
	"sourceSize": {"w":66,"h":71}
},
"p10011":
{
	"frame": {"x":901,"y":696,"w":66,"h":71},
	"rotated": false,
	"trimmed": false,
	"spriteSourceSize": {"x":0,"y":0,"w":66,"h":71},
	"sourceSize": {"w":66,"h":71}
},
"p10012":
{
	"frame": {"x":0,"y":755,"w":66,"h":71},
	"rotated": false,
	"trimmed": false,
	"spriteSourceSize": {"x":0,"y":0,"w":66,"h":71},
	"sourceSize": {"w":66,"h":71}
},
"sfera10000":
{
	"frame": {"x":894,"y":160,"w":126,"h":126},
	"rotated": false,
	"trimmed": false,
	"spriteSourceSize": {"x":0,"y":0,"w":126,"h":126},
	"sourceSize": {"w":126,"h":126}
},
"sfera10001":
{
	"frame": {"x":886,"y":444,"w":126,"h":126},
	"rotated": false,
	"trimmed": false,
	"spriteSourceSize": {"x":0,"y":0,"w":126,"h":126},
	"sourceSize": {"w":126,"h":126}
},
"sfera10002":
{
	"frame": {"x":504,"y":462,"w":126,"h":126},
	"rotated": false,
	"trimmed": false,
	"spriteSourceSize": {"x":0,"y":0,"w":126,"h":126},
	"sourceSize": {"w":126,"h":126}
},
"sfera10003":
{
	"frame": {"x":630,"y":464,"w":126,"h":126},
	"rotated": false,
	"trimmed": false,
	"spriteSourceSize": {"x":0,"y":0,"w":126,"h":126},
	"sourceSize": {"w":126,"h":126}
},
"sfera10004":
{
	"frame": {"x":756,"y":464,"w":126,"h":126},
	"rotated": false,
	"trimmed": false,
	"spriteSourceSize": {"x":0,"y":0,"w":126,"h":126},
	"sourceSize": {"w":126,"h":126}
},
"sfera10005":
{
	"frame": {"x":145,"y":483,"w":126,"h":126},
	"rotated": false,
	"trimmed": false,
	"spriteSourceSize": {"x":0,"y":0,"w":126,"h":126},
	"sourceSize": {"w":126,"h":126}
},
"sfera10006":
{
	"frame": {"x":271,"y":491,"w":126,"h":126},
	"rotated": false,
	"trimmed": false,
	"spriteSourceSize": {"x":0,"y":0,"w":126,"h":126},
	"sourceSize": {"w":126,"h":126}
},
"sfera10007":
{
	"frame": {"x":0,"y":503,"w":126,"h":126},
	"rotated": false,
	"trimmed": false,
	"spriteSourceSize": {"x":0,"y":0,"w":126,"h":126},
	"sourceSize": {"w":126,"h":126}
},
"sfera10008":
{
	"frame": {"x":882,"y":570,"w":126,"h":126},
	"rotated": false,
	"trimmed": false,
	"spriteSourceSize": {"x":0,"y":0,"w":126,"h":126},
	"sourceSize": {"w":126,"h":126}
},
"sfera10009":
{
	"frame": {"x":397,"y":588,"w":126,"h":126},
	"rotated": false,
	"trimmed": false,
	"spriteSourceSize": {"x":0,"y":0,"w":126,"h":126},
	"sourceSize": {"w":126,"h":126}
},
"sfera10010":
{
	"frame": {"x":523,"y":590,"w":126,"h":126},
	"rotated": false,
	"trimmed": false,
	"spriteSourceSize": {"x":0,"y":0,"w":126,"h":126},
	"sourceSize": {"w":126,"h":126}
},
"sfera10011":
{
	"frame": {"x":649,"y":590,"w":126,"h":126},
	"rotated": false,
	"trimmed": false,
	"spriteSourceSize": {"x":0,"y":0,"w":126,"h":126},
	"sourceSize": {"w":126,"h":126}
},
"sfera10012":
{
	"frame": {"x":126,"y":609,"w":126,"h":126},
	"rotated": false,
	"trimmed": false,
	"spriteSourceSize": {"x":0,"y":0,"w":126,"h":126},
	"sourceSize": {"w":126,"h":126}
},
"sfera10013":
{
	"frame": {"x":252,"y":617,"w":126,"h":126},
	"rotated": false,
	"trimmed": false,
	"spriteSourceSize": {"x":0,"y":0,"w":126,"h":126},
	"sourceSize": {"w":126,"h":126}
},
"sfera10014":
{
	"frame": {"x":0,"y":629,"w":126,"h":126},
	"rotated": false,
	"trimmed": false,
	"spriteSourceSize": {"x":0,"y":0,"w":126,"h":126},
	"sourceSize": {"w":126,"h":126}
},
"sfera10015":
{
	"frame": {"x":775,"y":696,"w":126,"h":126},
	"rotated": false,
	"trimmed": false,
	"spriteSourceSize": {"x":0,"y":0,"w":126,"h":126},
	"sourceSize": {"w":126,"h":126}
},
"sfera10016":
{
	"frame": {"x":378,"y":714,"w":126,"h":126},
	"rotated": false,
	"trimmed": false,
	"spriteSourceSize": {"x":0,"y":0,"w":126,"h":126},
	"sourceSize": {"w":126,"h":126}
},
"sfera10017":
{
	"frame": {"x":504,"y":716,"w":126,"h":126},
	"rotated": false,
	"trimmed": false,
	"spriteSourceSize": {"x":0,"y":0,"w":126,"h":126},
	"sourceSize": {"w":126,"h":126}
},
"sfera10018":
{
	"frame": {"x":630,"y":716,"w":126,"h":126},
	"rotated": false,
	"trimmed": false,
	"spriteSourceSize": {"x":0,"y":0,"w":126,"h":126},
	"sourceSize": {"w":126,"h":126}
},
"sfera10019":
{
	"frame": {"x":126,"y":735,"w":126,"h":126},
	"rotated": false,
	"trimmed": false,
	"spriteSourceSize": {"x":0,"y":0,"w":126,"h":126},
	"sourceSize": {"w":126,"h":126}
},
"sfera10020":
{
	"frame": {"x":252,"y":743,"w":126,"h":126},
	"rotated": false,
	"trimmed": false,
	"spriteSourceSize": {"x":0,"y":0,"w":126,"h":126},
	"sourceSize": {"w":126,"h":126}
},
"silla0000":
{
	"frame": {"x":145,"y":343,"w":142,"h":140},
	"rotated": false,
	"trimmed": false,
	"spriteSourceSize": {"x":0,"y":0,"w":142,"h":140},
	"sourceSize": {"w":142,"h":140}
}},
"meta": {
	"app": "Adobe Animate",
	"version": "20.5.1.31044",
	"image": "animaciones.png",
	"format": "RGBA8888",
	"size": {"w":1024,"h":1024},
	"scale": "1"
}
}
