﻿{"frames": {

"carro0000":
{
	"frame": {"x":807,"y":454,"w":172,"h":77},
	"rotated": false,
	"trimmed": true,
	"spriteSourceSize": {"x":0,"y":4,"w":174,"h":81},
	"sourceSize": {"w":174,"h":81}
},
"carro0001":
{
	"frame": {"x":807,"y":374,"w":172,"h":80},
	"rotated": false,
	"trimmed": true,
	"spriteSourceSize": {"x":0,"y":0,"w":174,"h":81},
	"sourceSize": {"w":174,"h":81}
},
"carro0002":
{
	"frame": {"x":988,"y":525,"w":172,"h":72},
	"rotated": false,
	"trimmed": true,
	"spriteSourceSize": {"x":0,"y":7,"w":174,"h":81},
	"sourceSize": {"w":174,"h":81}
},
"carro0003":
{
	"frame": {"x":816,"y":608,"w":172,"h":76},
	"rotated": false,
	"trimmed": true,
	"spriteSourceSize": {"x":1,"y":3,"w":174,"h":81},
	"sourceSize": {"w":174,"h":81}
},
"carro0004":
{
	"frame": {"x":979,"y":450,"w":171,"h":75},
	"rotated": false,
	"trimmed": true,
	"spriteSourceSize": {"x":3,"y":4,"w":174,"h":81},
	"sourceSize": {"w":174,"h":81}
},
"carro0005":
{
	"frame": {"x":816,"y":531,"w":172,"h":77},
	"rotated": false,
	"trimmed": true,
	"spriteSourceSize": {"x":0,"y":3,"w":174,"h":81},
	"sourceSize": {"w":174,"h":81}
},
"carro0006":
{
	"frame": {"x":979,"y":374,"w":171,"h":76},
	"rotated": false,
	"trimmed": true,
	"spriteSourceSize": {"x":1,"y":2,"w":174,"h":81},
	"sourceSize": {"w":174,"h":81}
},
"efecto0000":
{
	"frame": {"x":674,"y":0,"w":377,"h":374},
	"rotated": false,
	"trimmed": true,
	"spriteSourceSize": {"x":148,"y":162,"w":674,"h":698},
	"sourceSize": {"w":674,"h":698}
},
"efecto0001":
{
	"frame": {"x":673,"y":698,"w":482,"h":475},
	"rotated": false,
	"trimmed": true,
	"spriteSourceSize": {"x":96,"y":111,"w":674,"h":698},
	"sourceSize": {"w":674,"h":698}
},
"efecto0002":
{
	"frame": {"x":646,"y":1394,"w":590,"h":589},
	"rotated": false,
	"trimmed": true,
	"spriteSourceSize": {"x":42,"y":54,"w":674,"h":698},
	"sourceSize": {"w":674,"h":698}
},
"efecto0003":
{
	"frame": {"x":0,"y":1394,"w":646,"h":654},
	"rotated": false,
	"trimmed": true,
	"spriteSourceSize": {"x":14,"y":22,"w":674,"h":698},
	"sourceSize": {"w":674,"h":698}
},
"efecto0004":
{
	"frame": {"x":0,"y":0,"w":674,"h":698},
	"rotated": false,
	"trimmed": false,
	"spriteSourceSize": {"x":0,"y":0,"w":674,"h":698},
	"sourceSize": {"w":674,"h":698}
},
"efecto0005":
{
	"frame": {"x":0,"y":698,"w":673,"h":696},
	"rotated": false,
	"trimmed": true,
	"spriteSourceSize": {"x":0,"y":1,"w":674,"h":698},
	"sourceSize": {"w":674,"h":698}
},
"mosnter0000":
{
	"frame": {"x":674,"y":374,"w":133,"h":160},
	"rotated": false,
	"trimmed": true,
	"spriteSourceSize": {"x":22,"y":0,"w":177,"h":160},
	"sourceSize": {"w":177,"h":160}
},
"mosnter0001":
{
	"frame": {"x":1010,"y":1173,"w":145,"h":160},
	"rotated": false,
	"trimmed": true,
	"spriteSourceSize": {"x":16,"y":0,"w":177,"h":160},
	"sourceSize": {"w":177,"h":160}
},
"mosnter0002":
{
	"frame": {"x":850,"y":1173,"w":160,"h":160},
	"rotated": false,
	"trimmed": true,
	"spriteSourceSize": {"x":8,"y":0,"w":177,"h":160},
	"sourceSize": {"w":177,"h":160}
},
"mosnter0003":
{
	"frame": {"x":673,"y":1173,"w":177,"h":160},
	"rotated": false,
	"trimmed": false,
	"spriteSourceSize": {"x":0,"y":0,"w":177,"h":160},
	"sourceSize": {"w":177,"h":160}
},
"mosnter0004":
{
	"frame": {"x":850,"y":1173,"w":160,"h":160},
	"rotated": false,
	"trimmed": true,
	"spriteSourceSize": {"x":8,"y":0,"w":177,"h":160},
	"sourceSize": {"w":177,"h":160}
},
"mosnter0005":
{
	"frame": {"x":1010,"y":1173,"w":145,"h":160},
	"rotated": false,
	"trimmed": true,
	"spriteSourceSize": {"x":16,"y":0,"w":177,"h":160},
	"sourceSize": {"w":177,"h":160}
},
"p10000":
{
	"frame": {"x":1051,"y":277,"w":51,"h":96},
	"rotated": false,
	"trimmed": true,
	"spriteSourceSize": {"x":7,"y":0,"w":66,"h":96},
	"sourceSize": {"w":66,"h":96}
},
"p10001":
{
	"frame": {"x":1102,"y":277,"w":51,"h":96},
	"rotated": false,
	"trimmed": true,
	"spriteSourceSize": {"x":7,"y":0,"w":66,"h":96},
	"sourceSize": {"w":66,"h":96}
},
"p10002":
{
	"frame": {"x":1150,"y":373,"w":51,"h":95},
	"rotated": false,
	"trimmed": true,
	"spriteSourceSize": {"x":7,"y":0,"w":66,"h":96},
	"sourceSize": {"w":66,"h":96}
},
"p10003":
{
	"frame": {"x":1051,"y":190,"w":63,"h":87},
	"rotated": false,
	"trimmed": true,
	"spriteSourceSize": {"x":2,"y":0,"w":66,"h":96},
	"sourceSize": {"w":66,"h":96}
},
"p10004":
{
	"frame": {"x":1051,"y":190,"w":63,"h":87},
	"rotated": false,
	"trimmed": true,
	"spriteSourceSize": {"x":2,"y":0,"w":66,"h":96},
	"sourceSize": {"w":66,"h":96}
},
"p10005":
{
	"frame": {"x":1051,"y":0,"w":63,"h":95},
	"rotated": false,
	"trimmed": true,
	"spriteSourceSize": {"x":2,"y":0,"w":66,"h":96},
	"sourceSize": {"w":66,"h":96}
},
"p10006":
{
	"frame": {"x":1051,"y":95,"w":63,"h":95},
	"rotated": false,
	"trimmed": true,
	"spriteSourceSize": {"x":2,"y":0,"w":66,"h":96},
	"sourceSize": {"w":66,"h":96}
},
"p10007":
{
	"frame": {"x":1114,"y":95,"w":49,"h":93},
	"rotated": false,
	"trimmed": true,
	"spriteSourceSize": {"x":9,"y":0,"w":66,"h":96},
	"sourceSize": {"w":66,"h":96}
},
"p10008":
{
	"frame": {"x":1160,"y":468,"w":49,"h":95},
	"rotated": false,
	"trimmed": true,
	"spriteSourceSize": {"x":9,"y":0,"w":66,"h":96},
	"sourceSize": {"w":66,"h":96}
},
"p10009":
{
	"frame": {"x":1114,"y":0,"w":49,"h":95},
	"rotated": false,
	"trimmed": true,
	"spriteSourceSize": {"x":9,"y":0,"w":66,"h":96},
	"sourceSize": {"w":66,"h":96}
},
"p10010":
{
	"frame": {"x":1054,"y":597,"w":66,"h":93},
	"rotated": false,
	"trimmed": true,
	"spriteSourceSize": {"x":0,"y":0,"w":66,"h":96},
	"sourceSize": {"w":66,"h":96}
},
"p10011":
{
	"frame": {"x":988,"y":597,"w":66,"h":95},
	"rotated": false,
	"trimmed": true,
	"spriteSourceSize": {"x":0,"y":0,"w":66,"h":96},
	"sourceSize": {"w":66,"h":96}
},
"p10012":
{
	"frame": {"x":1120,"y":597,"w":66,"h":92},
	"rotated": false,
	"trimmed": true,
	"spriteSourceSize": {"x":0,"y":0,"w":66,"h":96},
	"sourceSize": {"w":66,"h":96}
},
"silla0000":
{
	"frame": {"x":674,"y":534,"w":142,"h":140},
	"rotated": false,
	"trimmed": false,
	"spriteSourceSize": {"x":0,"y":0,"w":142,"h":140},
	"sourceSize": {"w":142,"h":140}
}},
"meta": {
	"app": "Adobe Animate",
	"version": "20.5.1.31044",
	"image": "jugador.png",
	"format": "RGBA8888",
	"size": {"w":2048,"h":2048},
	"scale": "1"
}
}
