﻿{"frames": {

"mosnter0000":
{
	"frame": {"x":482,"y":1066,"w":133,"h":160},
	"rotated": false,
	"trimmed": true,
	"spriteSourceSize": {"x":22,"y":0,"w":177,"h":160},
	"sourceSize": {"w":177,"h":160}
},
"mosnter0001":
{
	"frame": {"x":337,"y":1066,"w":145,"h":160},
	"rotated": false,
	"trimmed": true,
	"spriteSourceSize": {"x":16,"y":0,"w":177,"h":160},
	"sourceSize": {"w":177,"h":160}
},
"mosnter0002":
{
	"frame": {"x":177,"y":1066,"w":160,"h":160},
	"rotated": false,
	"trimmed": true,
	"spriteSourceSize": {"x":8,"y":0,"w":177,"h":160},
	"sourceSize": {"w":177,"h":160}
},
"mosnter0003":
{
	"frame": {"x":0,"y":1066,"w":177,"h":160},
	"rotated": false,
	"trimmed": false,
	"spriteSourceSize": {"x":0,"y":0,"w":177,"h":160},
	"sourceSize": {"w":177,"h":160}
},
"mosnter0004":
{
	"frame": {"x":177,"y":1066,"w":160,"h":160},
	"rotated": false,
	"trimmed": true,
	"spriteSourceSize": {"x":8,"y":0,"w":177,"h":160},
	"sourceSize": {"w":177,"h":160}
},
"mosnter0005":
{
	"frame": {"x":337,"y":1066,"w":145,"h":160},
	"rotated": false,
	"trimmed": true,
	"spriteSourceSize": {"x":16,"y":0,"w":177,"h":160},
	"sourceSize": {"w":177,"h":160}
},
"silla0000":
{
	"frame": {"x":0,"y":0,"w":1074,"h":1066},
	"rotated": false,
	"trimmed": false,
	"spriteSourceSize": {"x":0,"y":0,"w":1074,"h":1066},
	"sourceSize": {"w":1074,"h":1066}
}},
"meta": {
	"app": "Adobe Animate",
	"version": "20.5.1.31044",
	"image": "mostro.png",
	"format": "RGBA8888",
	"size": {"w":2048,"h":2048},
	"scale": "1"
}
}
