{"frames": {

"Recurso 189.png":
{
	"frame": {"x":889,"y":1,"w":150,"h":392},
	"rotated": false,
	"trimmed": false,
	"spriteSourceSize": {"x":0,"y":0,"w":150,"h":392},
	"sourceSize": {"w":150,"h":392}
},
"Recurso 192.png":
{
	"frame": {"x":960,"y":395,"w":150,"h":392},
	"rotated": false,
	"trimmed": false,
	"spriteSourceSize": {"x":0,"y":0,"w":150,"h":392},
	"sourceSize": {"w":150,"h":392}
},
"Recurso 193.png":
{
	"frame": {"x":1,"y":457,"w":169,"h":426},
	"rotated": false,
	"trimmed": false,
	"spriteSourceSize": {"x":0,"y":0,"w":169,"h":426},
	"sourceSize": {"w":169,"h":426}
},
"Recurso 194.png":
{
	"frame": {"x":172,"y":457,"w":168,"h":426},
	"rotated": false,
	"trimmed": false,
	"spriteSourceSize": {"x":0,"y":0,"w":168,"h":426},
	"sourceSize": {"w":168,"h":426}
},
"Recurso 197.png":
{
	"frame": {"x":960,"y":789,"w":203,"h":161},
	"rotated": false,
	"trimmed": false,
	"spriteSourceSize": {"x":0,"y":0,"w":203,"h":161},
	"sourceSize": {"w":203,"h":161}
},
"Recurso 198.png":
{
	"frame": {"x":1165,"y":675,"w":201,"h":161},
	"rotated": false,
	"trimmed": true,
	"spriteSourceSize": {"x":2,"y":0,"w":201,"h":161},
	"sourceSize": {"w":203,"h":161}
},
"Recurso 200.png":
{
	"frame": {"x":1,"y":1,"w":356,"h":454},
	"rotated": false,
	"trimmed": false,
	"spriteSourceSize": {"x":0,"y":0,"w":356,"h":454},
	"sourceSize": {"w":356,"h":454}
},
"Recurso 201.png":
{
	"frame": {"x":571,"y":1,"w":316,"h":393},
	"rotated": false,
	"trimmed": false,
	"spriteSourceSize": {"x":0,"y":0,"w":316,"h":393},
	"sourceSize": {"w":316,"h":393}
},
"Recurso 203.png":
{
	"frame": {"x":1112,"y":371,"w":506,"h":302},
	"rotated": false,
	"trimmed": false,
	"spriteSourceSize": {"x":0,"y":0,"w":506,"h":302},
	"sourceSize": {"w":506,"h":302}
},
"Recurso 204.png":
{
	"frame": {"x":1041,"y":1,"w":536,"h":368},
	"rotated": false,
	"trimmed": true,
	"spriteSourceSize": {"x":0,"y":32,"w":536,"h":368},
	"sourceSize": {"w":536,"h":400}
},
"Recurso 205.png":
{
	"frame": {"x":342,"y":457,"w":616,"h":420},
	"rotated": false,
	"trimmed": true,
	"spriteSourceSize": {"x":0,"y":4,"w":616,"h":420},
	"sourceSize": {"w":616,"h":424}
},
"Recurso 207.png":
{
	"frame": {"x":359,"y":1,"w":210,"h":420},
	"rotated": false,
	"trimmed": false,
	"spriteSourceSize": {"x":0,"y":0,"w":210,"h":420},
	"sourceSize": {"w":210,"h":420}
}},
"meta": {
	"app": "https://www.codeandweb.com/texturepacker",
	"version": "1.0",
	"image": "offroads.png",
	"format": "RGBA8888",
	"size": {"w":1619,"h":951},
	"scale": "1",
	"smartupdate": "$TexturePacker:SmartUpdate:e15364dbe10a3e3043678ffa5684b248:70f18e066ab04f4ee73148dbe0956985:c830eb3656958aed88c97bc6fa9fc947$"
}
}
