{"frames": {

"boomerang_logo.png":
{
	"frame": {"x":2,"y":818,"w":266,"h":204},
	"rotated": false,
	"trimmed": true,
	"spriteSourceSize": {"x":0,"y":0,"w":266,"h":204},
	"sourceSize": {"w":265,"h":205}
},
"loader_animation0001.png":
{
	"frame": {"x":270,"y":818,"w":264,"h":204},
	"rotated": false,
	"trimmed": true,
	"spriteSourceSize": {"x":76,"y":264,"w":264,"h":204},
	"sourceSize": {"w":525,"h":500}
},
"loader_animation0002.png":
{
	"frame": {"x":448,"y":2,"w":264,"h":334},
	"rotated": false,
	"trimmed": true,
	"spriteSourceSize": {"x":76,"y":130,"w":264,"h":334},
	"sourceSize": {"w":525,"h":500}
},
"loader_animation0003.png":
{
	"frame": {"x":2,"y":2,"w":444,"h":426},
	"rotated": false,
	"trimmed": true,
	"spriteSourceSize": {"x":78,"y":38,"w":444,"h":426},
	"sourceSize": {"w":525,"h":500}
},
"loader_animation0004.png":
{
	"frame": {"x":714,"y":2,"w":266,"h":310},
	"rotated": false,
	"trimmed": true,
	"spriteSourceSize": {"x":72,"y":154,"w":266,"h":310},
	"sourceSize": {"w":525,"h":500}
},
"loader_animation0005.png":
{
	"frame": {"x":2,"y":430,"w":332,"h":386},
	"rotated": false,
	"trimmed": true,
	"spriteSourceSize": {"x":4,"y":78,"w":332,"h":386},
	"sourceSize": {"w":525,"h":500}
},
"loader_animation0006.png":
{
	"frame": {"x":448,"y":2,"w":264,"h":334},
	"rotated": false,
	"trimmed": true,
	"spriteSourceSize": {"x":76,"y":130,"w":264,"h":334},
	"sourceSize": {"w":525,"h":500}
},
"loader_animation0007.png":
{
	"frame": {"x":868,"y":406,"w":264,"h":290},
	"rotated": false,
	"trimmed": true,
	"spriteSourceSize": {"x":76,"y":174,"w":264,"h":290},
	"sourceSize": {"w":525,"h":500}
},
"loader_animation0008.png":
{
	"frame": {"x":336,"y":430,"w":264,"h":338},
	"rotated": false,
	"trimmed": true,
	"spriteSourceSize": {"x":76,"y":126,"w":264,"h":338},
	"sourceSize": {"w":525,"h":500}
},
"loader_animation0009.png":
{
	"frame": {"x":982,"y":2,"w":264,"h":282},
	"rotated": false,
	"trimmed": true,
	"spriteSourceSize": {"x":76,"y":182,"w":264,"h":282},
	"sourceSize": {"w":525,"h":500}
},
"loader_animation0010.png":
{
	"frame": {"x":602,"y":406,"w":264,"h":302},
	"rotated": false,
	"trimmed": true,
	"spriteSourceSize": {"x":76,"y":162,"w":264,"h":302},
	"sourceSize": {"w":525,"h":500}
},
"preloader_bar.png":
{
	"frame": {"x":868,"y":698,"w":490,"h":66},
	"rotated": false,
	"trimmed": true,
	"spriteSourceSize": {"x":0,"y":0,"w":490,"h":66},
	"sourceSize": {"w":491,"h":66}
},
"preloader_bg.png":
{
	"frame": {"x":536,"y":770,"w":492,"h":66},
	"rotated": false,
	"trimmed": true,
	"spriteSourceSize": {"x":0,"y":0,"w":492,"h":66},
	"sourceSize": {"w":491,"h":66}
},
"preloader_overlay.png":
{
	"frame": {"x":448,"y":338,"w":492,"h":66},
	"rotated": false,
	"trimmed": true,
	"spriteSourceSize": {"x":0,"y":0,"w":492,"h":66},
	"sourceSize": {"w":491,"h":66}
}},
"meta": {
	"app": "http://www.codeandweb.com/texturepacker ",
	"version": "1.0",
	"image": "preloader_1x.png",
	"format": "RGBA8888",
	"size": {"w":2048,"h":1024},
	"scale": "0.5",
	"smartupdate": "$TexturePacker:SmartUpdate:5f930ffd0e93c59c707ad87ea484f725:cdc0c01f7b06251c5e34e9a0be6b8ba1:a581cae67fbdde471197ad38f30a962f$"
}
}
